Rank,Game,Current,Peak,App ID,Player Hours,Genres,Release Date,Days Since Release,Tags,Recent Review Score,Recent Review Count,All Review Score,All Review Count,Date Collected
1.0,Counter-Strike 2,705657,1776391,730,743343090,"['Action', 'Free To Play']","Aug 21, 2012",4647.0,"['FPS', 'Shooter', 'Multiplayer', 'Competitive', 'Action', 'Team-Based', 'eSports', 'Tactical', 'First-Person', 'PvP', 'Online Co-Op', 'Co-op', 'Strategy', 'Military', 'War', 'Difficult', 'Trading', 'Realistic', 'Fast-Paced', 'Moddable']",8.0,72623.0,8.0,8773609.0,05-12-2025
2.0,Dota 2,295990,636438,570,289990394,"['Action', 'Strategy', 'Free To Play']","Jul 9, 2013",4325.0,"['Free to Play', 'MOBA', 'Multiplayer', 'Strategy', 'eSports', 'Team-Based', 'Competitive', 'Action', 'Online Co-Op', 'PvP', 'Difficult', 'Co-op', 'RTS', 'RPG', 'Tower Defense', 'Fantasy', 'Character Customization', 'Replay Value', 'Action RPG', 'Simulation']",8.0,22276.0,8.0,2486869.0,05-12-2025
3.0,Marvel Rivals,116288,252951,2767030,89877909,"['Action', 'Free To Play']","Dec 5, 2024",158.0,"['Free to Play', 'Multiplayer', 'Hero Shooter', 'Third-Person Shooter', 'Superhero', 'PvP', 'Action', 'Team-Based', 'Competitive', 'Shooter', '3D', 'Strategy', 'Online Co-Op', 'Co-op', 'Sci-fi', 'Third Person', 'Sexual Content', 'MOBA', 'FPS', 'Cyberpunk']",6.0,15178.0,8.0,278139.0,05-12-2025
4.0,Bongo Cat,112932,193859,3419430,100534199,"['Casual', 'Indie', 'Simulation', 'Free To Play']","Mar 5, 2025",68.0,"['Cats', 'Casual', 'Clicker', 'Free to Play', 'Cute', 'Idler', '2D', 'Singleplayer', 'Simulation', 'Typing', 'Cartoony', 'Indie', 'Psychological Horror', 'Relaxing', 'Colorful', 'Souls-like', 'Horror', 'Hentai']",9.0,12788.0,9.0,18662.0,05-12-2025
5.0,Banana,101816,125947,2923300,71695666,"['Adventure', 'Casual', 'Simulation', 'Strategy', 'Free To Play']","Apr 23, 2024",384.0,"['Free to Play', 'Clicker', 'Singleplayer', '2D', 'Casual', 'Family Friendly', 'Idler', 'Funny', 'Simulation', 'Colorful', 'Arcade', 'Hidden Object', 'Dating Sim', 'Pixel Graphics', 'Mystery', 'First-Person', 'Fantasy', 'Crafting', 'Anime', 'Open World']",6.0,1412.0,8.0,89140.0,05-12-2025
6.0,Rust,87530,203367,252490,73883846,"['Action', 'Adventure', 'Indie', 'Massively Multiplayer', 'RPG']","Feb 8, 2018",2650.0,"['Survival', 'Crafting', 'Multiplayer', 'Open World', 'Open World Survival Craft', 'Building', 'PvP', 'Sandbox', 'Adventure', 'First-Person', 'Action', 'Nudity', 'FPS', 'Shooter', 'Co-op', 'Online Co-Op', 'Indie', 'Post-apocalyptic', 'Early Access', 'Simulation']",8.0,10703.0,8.0,1014451.0,05-12-2025
7.0,PUBG: BATTLEGROUNDS,87424,809003,578080,223764857,"['Action', 'Adventure', 'Massively Multiplayer', 'Free To Play']","Dec 21, 2017",2699.0,"['Survival', 'Shooter', 'Battle Royale', 'Multiplayer', 'FPS', 'PvP', 'Third-Person Shooter', 'Action', 'Online Co-Op', 'Tactical', 'Co-op', 'First-Person', 'Strategy', 'Early Access', 'Competitive', 'Third Person', 'Team-Based', 'Difficult', 'Simulation', 'Stealth']",5.0,15343.0,5.0,2547092.0,05-12-2025
8.0,Apex Legends,84622,262219,1172470,88005150,"['Action', 'Adventure', 'Free To Play']","Nov 4, 2020",1650.0,"['Free to Play', 'Battle Royale', 'Multiplayer', 'FPS', 'Shooter', 'First-Person', 'PvP', 'Action', 'Hero Shooter', 'Team-Based', 'Tactical', 'Sci-fi', 'Loot', 'Survival', 'Co-op', 'Character Customization', 'Funny', 'Lore-Rich', 'Cyberpunk', 'Cinematic']",5.0,5827.0,5.0,991726.0,05-12-2025
9.0,Baldur's Gate 3,72601,168862,1086940,62029591,"['Adventure', 'RPG', 'Strategy']","Aug 3, 2023",648.0,"['RPG', 'Character Customization', 'Choices Matter', 'Story Rich', 'Turn-Based Combat', 'Dungeons & Dragons', 'CRPG', 'Fantasy', 'Adventure', 'Sexual Content', 'Romance', 'Online Co-Op', 'Multiplayer', 'Strategy', 'Singleplayer', 'Co-op Campaign', 'Class-Based', 'Nudity', 'Dark Fantasy', 'Combat']",9.0,10811.0,9.0,665444.0,05-12-2025
10.0,Call of Duty®,68559,123387,1938090,47800172,['Action'],"Oct 27, 2022",928.0,"['FPS', 'Multiplayer', 'Shooter', 'Singleplayer', 'Action', 'Military', 'First-Person', 'War', 'Modern', 'Tactical', 'Violent', 'Co-op', 'Realistic', 'Story Rich', 'Atmospheric', 'Mature', 'Online Co-Op', 'Gore', 'Third-Person Shooter', 'Third Person']",5.0,3303.0,5.0,385920.0,05-12-2025
11.0,Clair Obscur: Expedition 33,61925,144901,1903340,33030022,"['Action', 'RPG']","Apr 24, 2025",18.0,"['Turn-Based Combat', 'Story Rich', 'Fantasy', 'Exploration', 'JRPG', 'RPG', 'Adventure', 'Action RPG', 'Lore-Rich', 'Party-Based RPG', '3D', 'Character Customization', 'Singleplayer', 'Souls-like', 'Dark Fantasy', 'Post-apocalyptic', 'Narration', 'Realistic', 'Action', 'Female Protagonist']",8.0,48502.0,8.0,48502.0,05-12-2025
12.0,Schedule I,58165,375212,3164500,77989877,"['Action', 'Indie', 'Simulation', 'Strategy', 'Early Access']","Mar 24, 2025",49.0,"['Simulation', 'Co-op', 'Crime', 'Multiplayer', 'Open World', 'Management', 'First-Person', 'Action', 'Crafting', 'Base Building', 'Building', 'Automation', 'Stealth', 'Strategy', 'FPS', 'Driving', 'Character Customization', 'Shooter', 'Early Access', 'Action-Adventure']",9.0,66854.0,9.0,174295.0,05-12-2025
13.0,Tom Clancy's Rainbow Six Siege,53313,98958,359550,41593173,['Action'],"Dec 1, 2015",3450.0,"['FPS', 'PvP', 'eSports', 'Multiplayer', 'Tactical', 'Shooter', 'Competitive', 'Online Co-Op', 'Action', 'Hero Shooter', 'Team-Based', 'Military', 'Strategy', 'First-Person', 'Co-op', 'Realistic', 'War', 'Destruction', 'Difficult', '3D']",6.0,8272.0,8.0,1185123.0,05-12-2025
14.0,The Elder Scrolls IV: Oblivion Remastered,53056,152429,2623190,25049357,['RPG'],"Apr 22, 2025",20.0,"['RPG', 'Open World', 'Singleplayer', 'Fantasy', 'Adventure', 'Exploration', 'Action RPG', 'First-Person', 'Character Customization', 'Third Person', 'Story Rich', 'Action-Adventure', 'Great Soundtrack', 'Violent', 'Atmospheric', 'Action', 'Sexual Content', 'Gore', 'Politics', 'Political']",8.0,40189.0,8.0,40189.0,05-12-2025
15.0,EA SPORTS FC 25,48868,95710,2669320,34856524,"['Simulation', 'Sports']","Sep 26, 2024",228.0,"['Sports', 'Simulation', 'Football (Soccer)', 'Controller', 'Multiplayer', 'eSports', 'Competitive', 'Local Co-Op', 'Family Friendly', 'Local Multiplayer', 'Singleplayer', 'Online Co-Op', 'PvP', 'Modern', 'Realistic', 'Co-op', 'Soundtrack', 'Split Screen', 'Free to Play', 'LGBTQ+']",5.0,5460.0,5.0,64727.0,05-12-2025
16.0,R.E.P.O.,47668,192558,3241660,60940793,"['Action', 'Early Access']","Feb 26, 2025",75.0,"['Horror', 'Online Co-Op', 'Multiplayer', 'Comedy', 'Co-op', 'Physics', '3D', 'First-Person', 'Stealth', 'Action', 'Robots', 'Action Roguelike', 'Exploration', 'Procedural Generation', 'Survival', 'Post-apocalyptic', 'Perma Death', 'Sci-fi', 'Dystopian', 'Early Access']",9.0,41561.0,9.0,135127.0,05-12-2025
17.0,Grand Theft Auto V Legacy,45846,115706,271590,44469361,"['Action', 'Adventure']","Apr 13, 2015",3682.0,"['Open World', 'Action', 'Multiplayer', 'Crime', 'Automobile Sim', 'Third Person', 'First-Person', 'Mature', 'Shooter', 'Adventure', 'Singleplayer', 'Third-Person Shooter', 'Racing', 'Co-op', 'Sandbox', 'Atmospheric', 'Funny', 'Great Soundtrack', 'Comedy', 'Moddable']",8.0,7457.0,8.0,1815521.0,05-12-2025
18.0,Wallpaper Engine,41418,131012,431960,55293476,"['Casual', 'Indie', 'Animation & Modeling', 'Design & Illustration', 'Photo Editing', 'Utilities']","Nov 16, 2018",2369.0,"['Mature', 'Utilities', 'Anime', 'Software', 'Design & Illustration', 'Animation & Modeling', 'First-Person', 'NSFW', 'Indie', 'Memes', 'Cute', 'Action', 'Singleplayer', 'Funny', 'Early Access', 'Photo Editing', 'Sandbox', 'Horror', 'Gaming', 'Game Development']",9.0,7653.0,9.0,824397.0,05-12-2025
19.0,War Thunder,40365,107400,236390,41147410,"['Action', 'Massively Multiplayer', 'Simulation', 'Free To Play']","Aug 15, 2013",4288.0,"['Free to Play', 'Simulation', 'Vehicular Combat', 'Combat', 'World War II', 'Flight', 'VR', 'War', 'Military', 'Tanks', 'Multiplayer', 'Naval Combat', 'Modern', 'Massively Multiplayer', 'Cold War', 'Realistic', 'Shooter', 'Action', 'Third Person', 'Third-Person Shooter']",6.0,9172.0,6.0,620503.0,05-12-2025
20.0,Team Fortress 2,40238,55704,440,29243016,"['Action', 'Free To Play']","Oct 10, 2007",6424.0,"['Free to Play', 'Hero Shooter', 'Multiplayer', 'FPS', 'Shooter', 'Action', 'Class-Based', 'Team-Based', 'Funny', 'First-Person', 'Online Co-Op', 'Competitive', 'Cartoony', 'Trading', 'Co-op', 'Comedy', 'Robots', 'Tactical', 'Cartoon', 'Crafting']",9.0,7320.0,8.0,1156834.0,05-12-2025
21.0,Crosshair X,40076,65195,1366800,31218074,"['Action', 'Adventure', 'Indie', 'Animation & Modeling', 'Design & Illustration', 'Education', 'Photo Editing', 'Utilities', 'Game Development']","Aug 17, 2020",1729.0,"['Action', 'Indie', 'Adventure', 'Utilities', 'Shooter', 'Software', 'FPS', 'Game Development', 'Design & Illustration', 'Photo Editing', 'Animation & Modeling', 'Education', 'Survival', 'Third-Person Shooter', 'First-Person', 'PvP', 'War', 'Tactical', 'Multiplayer', 'Third Person']",8.0,1076.0,8.0,29022.0,05-12-2025
22.0,Stardew Valley,37508,112636,413150,40295992,"['Indie', 'RPG', 'Simulation']","Feb 26, 2016",3363.0,"['Farming Sim', 'Pixel Graphics', 'Multiplayer', 'Life Sim', 'RPG', 'Relaxing', 'Agriculture', 'Simulation', 'Crafting', 'Sandbox', 'Indie', 'Building', 'Casual', 'Singleplayer', 'Open World', '2D', 'Dating Sim', 'Cute', 'Great Soundtrack', 'Fishing']",9.0,7694.0,9.0,751362.0,05-12-2025
23.0,Warframe,37448,67018,230410,30765394,"['Action', 'RPG', 'Free To Play']","Mar 25, 2013",4431.0,"['Free to Play', 'Action RPG', 'Looter Shooter', 'Third-Person Shooter', 'Action', 'RPG', 'Third Person', 'Character Customization', 'Massively Multiplayer', 'Online Co-Op', 'Co-op', 'PvE', 'Sci-fi', 'Singleplayer', 'Space', 'Lore-Rich', 'Shooter', 'Hack and Slash', 'Parkour', 'Ninja']",8.0,3152.0,8.0,617366.0,05-12-2025
24.0,V Rising,37239,76601,1604030,17434097,"['Action', 'Adventure', 'Massively Multiplayer']","May 8, 2024",369.0,"['Survival', 'Open World', 'Base Building', 'Multiplayer', 'Vampire', 'Crafting', 'Online Co-Op', 'PvP', 'PvE', 'Building', 'Hack and Slash', 'Sandbox', 'Exploration', 'Massively Multiplayer', 'Dark Fantasy', 'Action-Adventure', 'Singleplayer', 'Action', 'Adventure', 'Co-op']",8.0,3904.0,8.0,96521.0,05-12-2025
25.0,Football Manager 2024,36769,71837,2252570,32442757,"['Simulation', 'Sports', 'Strategy']","Nov 6, 2023",553.0,"['Simulation', 'Sports', 'Management', 'Football (Soccer)', 'Strategy', 'Multiplayer', 'Economy', 'Real Time Tactics', 'Singleplayer', 'eSports', '3D', 'Text-Based', '2D', 'Games Workshop', 'Free to Play']",8.0,496.0,8.0,13203.0,05-12-2025
26.0,Dead by Daylight,36130,66270,381210,28540325,['Action'],"Jun 14, 2016",3254.0,"['Horror', 'Multiplayer', 'Survival Horror', 'Online Co-Op', 'Co-op', 'Survival', 'Gore', 'Team-Based', 'Blood', 'Third Person', 'Stealth', 'Violent', 'First-Person', 'Psychological Horror', 'Action', 'Atmospheric', 'Strategy', 'Comedy', 'Mature', 'Difficult']",6.0,4409.0,6.0,576472.0,05-12-2025
27.0,Destiny 2,35530,59826,1085660,17024653,"['Action', 'Adventure', 'Free To Play']","Oct 1, 2019",2050.0,"['Free to Play', 'Open World', 'Looter Shooter', 'Multiplayer', 'MMORPG', 'FPS', 'Co-op', 'PvE', 'PvP', 'Shooter', 'Massively Multiplayer', 'Loot', 'First-Person', 'Sci-fi', 'Action', 'Adventure', 'Lore-Rich', 'Space', 'Competitive', 'Atmospheric']",6.0,2202.0,6.0,624261.0,05-12-2025
28.0,Grand Theft Auto V Enhanced,34617,86303,3240220,31123961,"['Action', 'Adventure', 'Racing']","Mar 4, 2025",69.0,"['Open World', 'Action', 'Multiplayer', 'Crime', 'Mature', 'Third Person', 'First-Person', 'Automobile Sim', 'Shooter', 'Adventure', 'Racing', 'Sandbox', 'Third-Person Shooter', 'Atmospheric', 'Comedy', 'Funny', 'Sexual Content', 'PvP', 'Moddable', 'Co-op']",8.0,8875.0,5.0,45220.0,05-12-2025
29.0,DayZ,32575,64022,221100,26463984,"['Action', 'Adventure', 'Massively Multiplayer']","Dec 13, 2018",2342.0,"['Survival', 'Open World', 'Online Co-Op', 'Zombies', 'Multiplayer', 'Post-apocalyptic', 'Shooter', 'PvP', 'Massively Multiplayer', 'Action', 'FPS', 'Horror', 'Sandbox', 'Co-op', 'Survival Horror', 'Adventure', 'Simulation', 'First-Person', 'Atmospheric', 'Choose Your Own Adventure']",8.0,2679.0,6.0,354751.0,05-12-2025
30.0,Delta Force,31940,149982,2507950,47079716,"['Action', 'Adventure', 'Massively Multiplayer', 'Free To Play']","Dec 4, 2024",159.0,"['Free to Play', 'FPS', 'Multiplayer', 'Extraction Shooter', 'Singleplayer', 'Shooter', 'Military', 'Massively Multiplayer', 'Action', 'Tactical', 'Online Co-Op', 'Controller', 'PvP', 'War', 'Survival', 'Looter Shooter', 'Co-op', 'Open World', '3D', 'Action-Adventure']",5.0,9269.0,5.0,107158.0,05-12-2025
31.0,The Elder Scrolls V: Skyrim Special Edition,31559,50490,489830,19195329,['RPG'],"Oct 27, 2016",3119.0,"['Open World', 'RPG', 'Adventure', 'Singleplayer', 'Fantasy', 'Character Customization', 'Moddable', 'Dragons', 'Story Rich', 'Magic', 'First-Person', 'Action', 'Atmospheric', 'Great Soundtrack', 'Third Person', 'Stealth', 'Classic', 'Remake', 'Female Protagonist', 'Walking Simulator']",9.0,2583.0,8.0,187986.0,05-12-2025
32.0,VRChat,31188,54542,438100,26603758,"['Adventure', 'Casual', 'Massively Multiplayer', 'Simulation', 'Sports', 'Free To Play', 'Early Access']","Feb 1, 2017",3022.0,"['VR', 'Free to Play', 'Multiplayer', 'Anime', 'Memes', 'Funny', 'Massively Multiplayer', 'First-Person', 'Open World', 'Early Access', 'Simulation', 'Casual', 'Adventure', 'MMORPG', 'Comedy', 'Sandbox', 'Dating Sim', 'Survival Horror', 'Action', 'Atmospheric']",6.0,2332.0,6.0,238937.0,05-12-2025
33.0,Path of Exile 2,29562,204068,2694490,47577393,"['Action', 'Adventure', 'Massively Multiplayer', 'RPG', 'Early Access']","Dec 6, 2024",157.0,"['Action RPG', 'Hack and Slash', 'RPG', 'Souls-like', 'Dark Fantasy', 'MMORPG', 'Action', 'Isometric', 'Dungeon Crawler', 'Loot', 'Adventure', 'Multiplayer', 'Online Co-Op', 'Character Customization', 'Early Access', 'Inventory Management', 'Crafting', 'Horror', 'Dark', 'Free to Play']",4.0,7888.0,6.0,125659.0,05-12-2025
34.0,Spacewar,28406,110989,480,36969617,['None'],,,[None],,,,,05-12-2025
35.0,The Sims™ 4,28381,45958,1222670,20418756,"['Adventure', 'Casual', 'Simulation', 'Free To Play']","Jun 18, 2020",1789.0,"['Life Sim', 'Free to Play', 'Character Customization', 'Building', 'Romance', 'Simulation', 'Sandbox', 'Singleplayer', 'Dating Sim', 'Relaxing', 'Casual', 'Realistic', 'Funny', 'Family Friendly', 'Cute', 'Fantasy', 'Immersive Sim', 'Adventure', 'Cartoony', 'Nudity']",8.0,2465.0,8.0,169115.0,05-12-2025
36.0,Lost Ark,27158,37028,1599340,13472013,"['Action', 'Adventure', 'Massively Multiplayer', 'RPG', 'Free To Play']","Feb 11, 2022",1186.0,"['MMORPG', 'Free to Play', 'Action RPG', 'Multiplayer', 'Hack and Slash', 'Character Customization', 'RPG', 'Massively Multiplayer', 'Sexual Content', 'Action', 'Adventure', 'PvE', 'Fantasy', 'PvP', 'Isometric', 'Online Co-Op', 'Class-Based', 'Singleplayer', 'Violent', 'Gore']",5.0,305.0,6.0,201894.0,05-12-2025
37.0,ELDEN RING,26353,60916,1245620,24428426,"['Action', 'RPG']","Feb 24, 2022",1173.0,"['Souls-like', 'Open World', 'Dark Fantasy', 'RPG', 'Difficult', 'Action RPG', 'Third Person', 'Multiplayer', 'Fantasy', 'Singleplayer', 'Online Co-Op', 'Action', 'Co-op', 'Atmospheric', 'PvP', 'Great Soundtrack', 'Violent', '3D', 'Character Customization', 'Family Friendly']",8.0,5776.0,8.0,762170.0,05-12-2025
38.0,Hearts of Iron IV,24473,67088,394360,25827832,"['Simulation', 'Strategy']","Jun 6, 2016",3262.0,"['Strategy', 'World War II', 'Grand Strategy', 'War', 'Historical', 'Military', 'Alternate History', 'Multiplayer', 'Simulation', 'Tactical', 'Singleplayer', 'Real-Time with Pause', 'RTS', 'Diplomacy', 'Sandbox', 'Co-op', 'Strategy RPG', 'Open World', 'Competitive', 'Action']",8.0,2484.0,8.0,235944.0,05-12-2025
39.0,Overwatch® 2,22807,59939,2357570,20226786,"['Action', 'Free To Play']","Aug 10, 2023",641.0,"['Free to Play', 'MOBA', 'Hero Shooter', 'Third-Person Shooter', 'FPS', 'First-Person', 'Team-Based', 'Third Person', 'Multiplayer', 'PvP', 'Competitive', 'Shooter', 'Action', 'Co-op', 'Sci-fi', 'PvE', 'Cinematic', 'Online Co-Op', 'Lore-Rich', 'Casual']",5.0,5023.0,4.0,340965.0,05-12-2025
40.0,HELLDIVERS™ 2,22146,46214,553850,17773410,['Action'],"Feb 8, 2024",459.0,"['Online Co-Op', 'PvE', 'Third-Person Shooter', 'Multiplayer', 'Action', 'Shooter', 'Co-op', 'Sci-fi', 'Capitalism', 'Space', 'Extraction Shooter', 'Third Person', 'Comedy', 'Gore', 'Violent', 'Great Soundtrack', 'Difficult', 'Psychological Horror', 'Singleplayer', 'Open World']",8.0,3516.0,6.0,724816.0,05-12-2025
41.0,Stellaris,21984,43836,281990,11673326,"['Simulation', 'Strategy']","May 9, 2016",3290.0,"['Space', 'Grand Strategy', 'Strategy', 'Sci-fi', '4X', 'Exploration', 'Sandbox', 'Simulation', 'Multiplayer', 'Singleplayer', 'Real-Time with Pause', 'Moddable', 'Management', 'Diplomacy', 'Military', 'Futuristic', 'Replay Value', 'Great Soundtrack', 'Procedural Generation', 'Atmospheric']",5.0,1487.0,8.0,126364.0,05-12-2025
42.0,Dune: Awakening Beta Weekend,21807,37725,3624190,1604964,[],"Apr 29, 2025",13.0,[None],,,,,05-12-2025
43.0,Once Human,21725,58733,2139460,21315394,"['Action', 'Adventure', 'RPG', 'Simulation', 'Strategy', 'Free To Play']","Jul 9, 2024",307.0,"['Multiplayer', 'Free to Play', 'Survival', 'Open World Survival Craft', 'Open World', 'Horror', 'Co-op', 'Strategy', 'Shooter', 'Post-apocalyptic', 'Base Building', 'Simulation', 'Online Co-Op', 'Singleplayer', 'Action', 'MMORPG', 'Adventure', 'Character Customization', 'Strategy RPG', '3D']",6.0,3598.0,6.0,128239.0,05-12-2025
44.0,Red Dead Redemption 2,21631,69716,1174180,24384685,"['Action', 'Adventure']","Dec 5, 2019",1985.0,"['Open World', 'Story Rich', 'Western', 'Adventure', 'Multiplayer', 'Action', 'Realistic', 'Singleplayer', 'Shooter', 'Atmospheric', 'Horses', 'Beautiful', 'Mature', 'Third-Person Shooter', 'Great Soundtrack', 'Third Person', 'Gore', 'Sandbox', 'First-Person', 'FPS']",8.0,12317.0,8.0,666237.0,05-12-2025
45.0,Waifu,21484,27626,3188910,16975472,"['Casual', 'Indie', 'RPG', 'Simulation', 'Free To Play']","Dec 3, 2024",160.0,"['Anime', 'Idler', 'Clicker', 'Dating Sim', 'Life Sim', 'Crafting', 'Loot', 'Funny', 'Romance', 'Time Management', 'Capitalism', 'RPG', 'Cozy', 'Economy', 'Cute', 'Simulation', 'Character Customization', 'Relaxing', 'Singleplayer', 'Free to Play']",8.0,35.0,6.0,258.0,05-12-2025
46.0,PAYDAY 2,21286,25972,218620,14155905,"['Action', 'RPG']","Aug 13, 2013",4290.0,"['Co-op', 'Action', 'FPS', 'Heist', 'Multiplayer', 'Looter Shooter', 'Online Co-Op', 'Stealth', 'Crime', 'Shooter', 'Team-Based', 'First-Person', 'Great Soundtrack', 'Gun Customization', 'Tactical', 'PvE', 'Strategy', 'Singleplayer', 'Funny', 'Simulation']",8.0,819.0,8.0,435376.0,05-12-2025
47.0,Crab Game,21277,53603,1782210,19012457,"['Action', 'Casual', 'Free To Play', 'Indie', 'Racing']","Oct 29, 2021",1291.0,"['Psychological Horror', 'Multiplayer', 'Free to Play', 'Battle Royale', 'PvP', 'Action', 'First-Person', 'Parkour', '3D', 'FPS', 'Platformer', 'Combat', 'Physics', 'Arcade', 'Casual', 'Runner', '3D Platformer', 'Racing', 'Nudity', 'Sci-fi']",6.0,312.0,8.0,152487.0,05-12-2025
48.0,Rocket League,21156,31041,252950,12452418,"['Action', 'Indie', 'Racing', 'Sports']","Jul 6, 2015",3598.0,"['Multiplayer', 'Football (Soccer)', 'Competitive', 'Sports', 'Racing', 'Team-Based', 'Online Co-Op', 'Football (American)', 'Fast-Paced', 'Co-op', 'Action', 'Funny', 'Great Soundtrack', 'Local Multiplayer', 'Split Screen', 'Local Co-Op', 'Singleplayer', '4 Player Local', 'Casual', 'Indie']",5.0,557.0,8.0,429478.0,05-12-2025
49.0,RimWorld,19351,36439,294100,17113884,"['Indie', 'Simulation', 'Strategy']","Oct 17, 2018",2399.0,"['Colony Sim', 'Base Building', 'Survival', 'Strategy', 'Sandbox', 'Management', 'Building', 'Simulation', 'Singleplayer', 'Moddable', 'City Builder', 'Open World', 'Procedural Generation', '2D', 'Sci-fi', 'Indie', 'Space', 'Tactical RPG', 'Cartoony', 'Western']",9.0,1476.0,9.0,177084.0,05-12-2025
50.0,Sid Meier's Civilization VI,19347,47594,289070,19660982,['Strategy'],"Oct 20, 2016",3126.0,"['Strategy', 'Turn-Based Strategy', 'Multiplayer', 'Historical', 'Grand Strategy', 'Singleplayer', 'Turn-Based', '4X', 'War', 'City Builder', 'Simulation', 'Tactical', 'Management', 'Building', 'Online Co-Op', 'Great Soundtrack', 'Moddable', 'Co-op', 'Hex Grid', 'Atmospheric']",8.0,1135.0,8.0,253290.0,05-12-2025
51.0,Left 4 Dead 2,19198,36296,550,15130438,['Action'],"Nov 16, 2009",5656.0,"['Zombies', 'Co-op', 'FPS', 'Multiplayer', 'Shooter', 'Online Co-Op', 'Action', 'Survival', 'Horror', 'First-Person', 'Gore', 'Team-Based', 'Moddable', 'Survival Horror', 'Post-apocalyptic', 'Singleplayer', 'Adventure', 'Local Co-Op', 'Replay Value', 'Tactical']",9.0,5296.0,9.0,729603.0,05-12-2025
52.0,FINAL FANTASY XIV Online,19171,29494,39210,13661752,"['Massively Multiplayer', 'RPG']","Feb 18, 2014",4101.0,"['MMORPG', 'RPG', 'Massively Multiplayer', 'Character Customization', 'Fantasy', 'JRPG', 'Open World', 'Story Rich', 'Multiplayer', 'Magic', 'Adventure', 'Third Person', 'Co-op', 'Online Co-Op', 'Exploration', 'Action', 'Atmospheric', 'Crafting', 'Action RPG', 'Female Protagonist']",6.0,323.0,8.0,73132.0,05-12-2025
53.0,Geometry Dash,18928,42901,322170,16105322,"['Action', 'Indie']","Dec 22, 2014",3794.0,"['Difficult', 'Music', 'Level Editor', 'Great Soundtrack', '2D', 'Precision Platformer', 'Rhythm', 'Singleplayer', 'Colorful', 'Platformer', 'Character Customization', 'Indie', 'Arcade', 'Side Scroller', 'Family Friendly', 'Action', 'Funny', 'Casual', 'Strategy', 'Adventure']",8.0,9476.0,8.0,386193.0,05-12-2025
54.0,Project Zomboid,18296,30993,108600,14051223,"['Indie', 'RPG', 'Simulation', 'Early Access']","Nov 8, 2013",4203.0,"['Survival', 'Zombies', 'Open World', 'Multiplayer', 'Open World Survival Craft', 'Sandbox', 'Post-apocalyptic', 'Co-op', 'Crafting', 'Building', 'Indie', 'Simulation', 'RPG', 'Survival Horror', 'Realistic', 'Isometric', 'Singleplayer', '2D', 'Adventure', 'Early Access']",8.0,3704.0,8.0,283042.0,05-12-2025
55.0,7 Days to Die,18231,43396,251570,17916500,"['Action', 'Adventure', 'Indie', 'RPG', 'Simulation', 'Strategy']","Jul 25, 2024",291.0,"['Survival', 'Zombies', 'Multiplayer', 'Open World', 'Open World Survival Craft', 'Base Building', 'Post-apocalyptic', 'Voxel', 'Online Co-Op', 'Building', 'Exploration', 'Sandbox', 'FPS', 'Simulation', 'Character Customization', 'Tower Defense', 'Action', 'Strategy', 'Horror', 'Procedural Generation']",8.0,1714.0,8.0,251928.0,05-12-2025
56.0,Balatro,18099,23125,2379780,11726847,"['Casual', 'Indie', 'Strategy']","Feb 20, 2024",447.0,"['Card Game', 'Roguelike Deckbuilder', 'Roguelike', 'Deckbuilding', 'Singleplayer', 'Strategy', 'Pixel Graphics', 'Replay Value', 'Roguelite', 'Turn-Based', 'Card Battler', 'Casual', 'Difficult', 'Choices Matter', '2D', 'Turn-Based Strategy', 'Indie', 'Relaxing', 'Arcade', 'Procedural Generation']",9.0,4900.0,9.0,119398.0,05-12-2025
57.0,tModLoader,17586,50339,1281930,19454335,"['Action', 'Adventure', 'Indie', 'RPG', 'Free To Play']","May 16, 2020",1822.0,"['Adventure', 'Free to Play', 'Action', 'Indie', 'RPG', 'Mod', 'Sandbox', 'Moddable', 'Multiplayer', '2D', 'Pixel Graphics', 'Building', 'Survival', 'Online Co-Op', 'Singleplayer', 'Co-op', 'Great Soundtrack', 'Replay Value', 'Difficult', 'Open World Survival Craft']",9.0,4593.0,9.0,311033.0,05-12-2025
58.0,Terraria,17384,49441,105600,18520281,"['Action', 'Adventure', 'Indie', 'RPG']","May 16, 2011",5110.0,"['Open World Survival Craft', 'Sandbox', 'Survival', '2D', 'Multiplayer', 'Adventure', 'Pixel Graphics', 'Crafting', 'Building', 'Exploration', 'Co-op', 'Open World', 'Online Co-Op', 'Indie', 'Action', 'RPG', 'Singleplayer', 'Replay Value', 'Platformer', 'Atmospheric']",9.0,8196.0,9.0,1117604.0,05-12-2025
59.0,Cyberpunk 2077,17060,42230,1091500,16559035,['RPG'],"Dec 9, 2020",1615.0,"['Cyberpunk', 'Open World', 'Nudity', 'RPG', 'Singleplayer', 'Sci-fi', 'FPS', 'Mature', 'Futuristic', 'Story Rich', 'First-Person', 'Atmospheric', 'Exploration', 'Action', 'Violent', 'Great Soundtrack', 'Action RPG', 'Adventure', 'Character Customization', 'Immersive Sim']",9.0,5879.0,8.0,743145.0,05-12-2025
60.0,Crusader Kings III,16970,31228,1158310,12719505,"['RPG', 'Simulation', 'Strategy']","Sep 1, 2020",1714.0,"['Strategy', 'Medieval', 'Grand Strategy', 'Simulation', 'RPG', 'Historical', 'Management', 'Character Customization', 'Life Sim', 'Sandbox', 'RTS', 'Choices Matter', 'War', 'Singleplayer', 'Economy', 'Political', '4X', 'Moddable', 'Multiplayer', 'Real-Time with Pause']",6.0,1235.0,8.0,79627.0,05-12-2025
61.0,ARK: Survival Evolved,16953,39713,346110,16458626,"['Action', 'Adventure', 'Indie', 'Massively Multiplayer', 'RPG']","Aug 27, 2017",2815.0,"['Open World Survival Craft', 'Survival', 'Multiplayer', 'Open World', 'Dinosaurs', 'Crafting', 'Building', 'Adventure', 'Base Building', 'Co-op', 'Action', 'Sandbox', 'First-Person', 'Massively Multiplayer', 'Singleplayer', 'Early Access', 'RPG', 'Dragons', 'Sci-fi', 'Indie']",8.0,2608.0,8.0,546623.0,05-12-2025
62.0,NBA 2K25,16882,52198,2878980,16127336,"['Simulation', 'Sports']","Oct 28, 2024",196.0,"['Sports', 'Basketball', 'Simulation', 'eSports', '3D', 'Controller', 'Management', 'PvP', 'Character Customization', 'Immersive Sim', 'Team-Based', 'Trading', 'Co-op', 'Local Co-Op', 'Multiplayer', 'Local Multiplayer', 'Online Co-Op', 'Singleplayer', '4 Player Local', 'Gambling']",5.0,2052.0,5.0,20067.0,05-12-2025
63.0,Monster Hunter Wilds,16728,226698,2246340,49213248,"['Action', 'Adventure', 'RPG']","Feb 27, 2025",74.0,"['Hunting', 'Action', 'Multiplayer', 'Online Co-Op', 'Co-op', 'Dating Sim', 'Character Customization', 'Dragons', 'Open World', 'Third Person', 'Action RPG', 'Adventure', 'Fantasy', 'Cute', 'RPG', 'Singleplayer', 'Atmospheric', 'Great Soundtrack', 'Underwater', 'Sexual Content']",5.0,6685.0,5.0,129987.0,05-12-2025
64.0,Valheim,16610,42756,892970,14658637,"['Action', 'Adventure', 'Indie', 'RPG', 'Early Access']","Feb 2, 2021",1560.0,"['Open World Survival Craft', 'Survival', 'Online Co-Op', 'Open World', 'Multiplayer', 'Building', 'Crafting', 'Base Building', 'Exploration', 'Co-op', 'Adventure', 'Difficult', 'Mythology', 'Sandbox', 'PvE', 'Third Person', 'Singleplayer', 'Action', 'Early Access', 'Indie']",8.0,2554.0,8.0,423576.0,05-12-2025
65.0,THRONE AND LIBERTY,16429,35227,2429640,13738774,"['Action', 'Adventure', 'Massively Multiplayer', 'RPG', 'Free To Play']","Oct 1, 2024",223.0,"['MMORPG', 'Free to Play', 'Open World', 'Massively Multiplayer', 'RPG', 'Fantasy', 'Character Customization', 'PvP', 'PvE', 'Action', 'Adventure', 'Multiplayer', 'Third Person', 'Exploration', 'Action-Adventure', 'Online Co-Op', 'Combat', 'Crafting', 'Co-op', 'Emotional']",5.0,990.0,5.0,63029.0,05-12-2025
66.0,Garry's Mod,16081,32902,4000,13618428,"['Casual', 'Indie', 'Simulation']","Nov 29, 2006",6739.0,"['Sandbox', 'Moddable', 'Multiplayer', 'Physics', 'Building', 'Casual', 'Funny', 'First-Person', 'Singleplayer', 'FPS', 'Simulation', 'Comedy', 'Online Co-Op', 'Shooter', 'Co-op', 'Action', 'Indie', 'PvP', 'Realistic', 'Exploration']",9.0,6210.0,9.0,994654.0,05-12-2025
67.0,The Binding of Isaac: Rebirth,15716,29403,250900,13860764,['Action'],"Nov 4, 2014",3842.0,"['Action Roguelike', 'Roguelike', 'Indie', 'Replay Value', 'Difficult', 'Pixel Graphics', 'Dungeon Crawler', 'Great Soundtrack', 'Singleplayer', 'Dark', '2D', 'Local Co-Op', 'Remake', 'Gore', 'Procedural Generation', 'Roguelite', 'Atmospheric', 'Co-op', 'Action', 'Horror']",8.0,3404.0,9.0,308570.0,05-12-2025
68.0,Age of Empires II: Definitive Edition,15027,31994,813780,13609148,['Strategy'],"Nov 14, 2019",2006.0,"['Strategy', 'RTS', 'City Builder', 'Multiplayer', 'Base Building', 'Historical', 'Singleplayer', 'Medieval', 'Resource Management', 'Classic', 'Tactical', 'Real-Time', 'Co-op', 'Remake', 'Isometric', '2D', 'Replay Value', 'Action', 'Adventure', 'Great Soundtrack']",8.0,1513.0,8.0,141454.0,05-12-2025
69.0,Total War: WARHAMMER III,14818,37327,1142710,14382958,"['Action', 'Strategy']","Feb 16, 2022",1181.0,"['Strategy', 'Turn-Based Strategy', 'Grand Strategy', 'RTS', 'Fantasy', 'Real Time Tactics', 'War', 'Dark Fantasy', 'Action', 'Dwarf', 'Tactical', 'Games Workshop', 'Atmospheric', 'Multiplayer', 'Colorful', 'Co-op', 'PvP', 'Singleplayer', 'Warhammer 40K', 'Online Co-Op']",8.0,660.0,6.0,83192.0,05-12-2025
70.0,Black Desert,14754,19255,582660,10910422,"['Action', 'Adventure', 'Massively Multiplayer', 'RPG', 'Simulation', 'Strategy']","May 24, 2017",2910.0,"['MMORPG', 'Massively Multiplayer', 'Open World', 'Character Customization', 'RPG', 'Adventure', 'Fantasy', 'Action', 'Strategy', '3D', 'Multiplayer', 'Medieval', 'Crafting', 'Magic', 'Atmospheric', 'Simulation', 'PvP', 'Cooking', 'Combat', 'War']",5.0,357.0,6.0,58818.0,05-12-2025
71.0,ARK: Survival Ascended,14584,26304,2399830,11743289,"['Action', 'Adventure', 'Indie', 'Massively Multiplayer', 'RPG', 'Early Access']","Oct 25, 2023",565.0,"['Early Access', 'Survival', 'Open World', 'Multiplayer', 'Dinosaurs', 'Building', 'Adventure', 'Base Building', 'Crafting', 'Action', 'Sandbox', 'Character Customization', 'Singleplayer', 'PvE', 'PvP', 'Massively Multiplayer', 'Inventory Management', 'RPG', 'Fantasy', 'Sci-fi']",5.0,1202.0,5.0,68035.0,05-12-2025
72.0,BeamNG.drive,14304,27336,284160,11551465,"['Racing', 'Simulation', 'Early Access']","May 29, 2015",3636.0,"['Simulation', 'Driving', 'Physics', 'Destruction', 'Realistic', 'Automobile Sim', 'Sandbox', 'Open World', 'Racing', 'Moddable', 'Multiplayer', 'Singleplayer', 'Early Access', 'First-Person', 'Third Person', 'Funny', 'Exploration', 'Action', 'Adventure', 'Flight']",9.0,4513.0,9.0,294041.0,05-12-2025
73.0,Soundpad,14097,33286,629520,13429749,"['Audio Production', 'Utilities']","Sep 30, 2017",2781.0,"['Utilities', 'Audio Production', 'Music', 'Software', 'NSFW', 'Mature', 'Cold War', 'Psychological', 'Singleplayer', 'Dating Sim', 'Atmospheric']",9.0,2063.0,9.0,80329.0,05-12-2025
74.0,Factorio,13778,27284,427520,12032282,"['Casual', 'Indie', 'Simulation', 'Strategy']","Aug 14, 2020",1732.0,"['Automation', 'Base Building', 'Resource Management', 'Sandbox', 'Crafting', 'Strategy', 'Multiplayer', 'Survival', 'Management', 'Open World', 'Building', 'Co-op', '2D', 'Moddable', 'Singleplayer', 'Trains', 'Simulation', 'Pixel Graphics', 'City Builder', 'Indie']",9.0,1310.0,9.0,170444.0,05-12-2025
75.0,The Elder Scrolls Online,13730,22800,306130,9748082,"['Action', 'Adventure', 'Massively Multiplayer', 'RPG']","May 22, 2017",2912.0,"['RPG', 'MMORPG', 'Open World', 'Fantasy', 'Adventure', 'Multiplayer', 'Exploration', 'Singleplayer', 'Massively Multiplayer', 'Action', 'Character Customization', 'PvP', 'PvE', 'Lore-Rich', 'Story Rich', 'Choose Your Own Adventure', 'Class-Based', 'Magic', 'Action RPG', 'Atmospheric']",6.0,1012.0,8.0,127278.0,05-12-2025
76.0,Revolution Idle,13724,19576,2763740,6792981,"['Casual', 'Indie', 'Simulation', 'Free To Play']","May 1, 2025",11.0,"['Casual', 'Simulation', 'Idler', 'Clicker', 'Free to Play', '2D', 'Automation', 'Minimalist', 'Management', 'Futuristic', 'Indie', 'Relaxing', 'Modern', 'Singleplayer', 'Resource Management', 'Time Manipulation', 'Early Access']",8.0,690.0,8.0,4208.0,05-12-2025
77.0,Last Epoch,13654,150214,899770,33229372,"['Action', 'Adventure', 'Indie', 'RPG']","Feb 21, 2024",446.0,"['Action RPG', 'Loot', 'Hack and Slash', 'RPG', 'Isometric', 'Multiplayer', 'Action', 'Co-op', 'Adventure', 'Top-Down', 'Dungeon Crawler', 'Indie', 'Singleplayer', 'Fantasy', 'Gore', 'MMORPG', 'Character Customization', 'Magic', 'Violent', 'Time Travel']",8.0,7221.0,6.0,98210.0,05-12-2025
78.0,Farming Simulator 25,13521,40041,2300320,12989865,['Simulation'],"Nov 12, 2024",181.0,"['Simulation', 'Farming Sim', 'Realistic', '3D', 'Immersive Sim', 'First-Person', 'Time Management', 'Economy', 'Multiplayer', 'Third Person', 'Building', 'Management', 'Atmospheric', 'Nature', 'Relaxing', 'Online Co-Op', 'Farming', 'Physics', 'Singleplayer', 'Moddable']",8.0,976.0,8.0,21040.0,05-12-2025
79.0,Euro Truck Simulator 2,13429,52793,227300,17599021,"['Indie', 'Simulation']","Oct 12, 2012",4595.0,"['Driving', 'Transportation', 'Simulation', 'Open World', 'Automobile Sim', 'Realistic', 'Moddable', 'Relaxing', 'Exploration', 'Economy', 'Immersive Sim', 'Management', 'Atmospheric', 'Multiplayer', 'Controller', 'Family Friendly', 'Third Person', 'Adventure', 'Casual', 'Indie']",9.0,6342.0,9.0,654301.0,05-12-2025
80.0,Palworld,13327,43365,1623730,15403971,"['Action', 'Adventure', 'Indie', 'RPG', 'Early Access']","Jan 18, 2024",480.0,"['Open World', 'Survival', 'Creature Collector', 'Multiplayer', 'Open World Survival Craft', 'Crafting', 'Co-op', 'Adventure', 'Sandbox', 'Third-Person Shooter', 'Automation', 'Action', 'RPG', 'Early Access', 'Anime', '3D', 'PvE', 'Indie', 'Looter Shooter', 'Hack and Slash']",8.0,2083.0,8.0,320131.0,05-12-2025
81.0,Europa Universalis IV,13146,24988,236850,10156446,"['Simulation', 'Strategy']","Aug 13, 2013",4290.0,"['Grand Strategy', 'Strategy', 'Historical', 'Simulation', '4X', 'Alternate History', 'Wargame', 'Military', 'Diplomacy', 'Economy', 'Replay Value', 'Sandbox', 'Political', 'Real-Time with Pause', 'Moddable', 'Nonlinear', 'Co-op', 'Singleplayer', 'Management', 'Multiplayer']",8.0,88918.0,8.0,88918.0,05-12-2025
82.0,Risk of Rain 2,12819,16848,632360,5153969,"['Action', 'Indie']","Aug 11, 2020",1735.0,"['Third-Person Shooter', 'Action Roguelike', 'Multiplayer', 'Co-op', 'Action', 'Roguelite', 'Roguelike', 'Looter Shooter', 'Loot', 'Online Co-Op', 'Shooter', 'Great Soundtrack', 'Difficult', 'Third Person', 'Indie', 'Survival', 'Singleplayer', 'Soundtrack', 'Early Access', 'Bullet Hell']",8.0,1543.0,8.0,210515.0,05-12-2025
83.0,Legends of Idleon MMO,12639,19294,1476970,10064189,"['Casual', 'Indie', 'Massively Multiplayer', 'RPG', 'Simulation', 'Free To Play', 'Early Access']","Apr 2, 2021",1501.0,"['Idler', 'Pixel Graphics', 'MMORPG', 'Free to Play', 'Management', 'RPG', 'Multiplayer', 'Clicker', 'Crafting', 'Resource Management', 'Sandbox', 'Massively Multiplayer', 'Indie', 'Casual', 'Simulation', 'Character Customization', 'Early Access', 'PvE', 'Old School', 'Cute']",8.0,626.0,6.0,21410.0,05-12-2025
84.0,Satisfactory,12485,30724,526870,11448565,"['Adventure', 'Indie', 'Simulation', 'Strategy']","Sep 10, 2024",244.0,"['Base Building', 'Automation', 'Open World', 'Multiplayer', 'Crafting', 'Co-op', 'Building', 'Resource Management', 'Sandbox', 'Exploration', 'Adventure', 'Open World Survival Craft', 'Survival', 'Simulation', 'First-Person', 'Strategy', 'Sci-fi', 'Singleplayer', 'Early Access', 'Indie']",9.0,2115.0,9.0,194799.0,05-12-2025
85.0,THE FINALS,12445,19893,2073850,9036056,"['Action', 'Free To Play']","Dec 7, 2023",522.0,"['Destruction', 'Free to Play', 'Multiplayer', 'FPS', 'Shooter', 'Team-Based', 'Competitive', 'PvP', 'Action', 'First-Person', 'Tactical', 'Arena Shooter', 'Online Co-Op', 'Character Customization', 'Co-op', 'Combat', 'Class-Based', 'Atmospheric', 'Battle Royale', 'Loot']",8.0,3546.0,6.0,228867.0,05-12-2025
86.0,Unturned,12248,26533,304930,10731339,"['Action', 'Adventure', 'Casual', 'Indie', 'Free To Play']","Jul 7, 2017",2866.0,"['Free to Play', 'Survival', 'Zombies', 'Multiplayer', 'Open World', 'Co-op', 'Sandbox', 'Crafting', 'Shooter', 'Adventure', 'Post-apocalyptic', 'First-Person', 'Singleplayer', 'Looter Shooter', 'FPS', 'Action', 'Massively Multiplayer', 'Indie', 'Atmospheric', 'Casual']",8.0,1636.0,8.0,554805.0,05-12-2025
87.0,Sid Meier's Civilization V,12141,19424,8930,9431727,['Strategy'],"Sep 21, 2010",5347.0,"['Turn-Based Strategy', 'Strategy', 'Turn-Based', 'Multiplayer', 'Historical', '4X', 'Addictive', 'Singleplayer', 'Hex Grid', 'Grand Strategy', 'Replay Value', 'Co-op', 'Economy', 'Tactical', 'Diplomacy', 'Moddable', 'Simulation', 'Classic', 'Great Soundtrack', 'Touch-Friendly']",8.0,254.0,9.0,123675.0,05-12-2025
88.0,Fallout 4,12032,21201,377160,9252951,['RPG'],"Nov 9, 2015",3472.0,"['Open World', 'Post-apocalyptic', 'Singleplayer', 'Exploration', 'RPG', 'Adventure', 'Atmospheric', 'Shooter', 'First-Person', 'Story Rich', 'Action', 'Sci-fi', 'FPS', 'Action RPG', 'Sandbox', 'Great Soundtrack', 'Survival', 'Third Person', 'Third-Person Shooter', 'Character Customization']",8.0,1433.0,8.0,261012.0,05-12-2025
89.0,Yu-Gi-Oh!  Master Duel,11383,39165,1449850,12787284,"['Simulation', 'Strategy', 'Free To Play']","Jan 18, 2022",1210.0,"['Card Game', 'Free to Play', 'Strategy', 'Trading Card Game', 'Multiplayer', 'PvP', 'Card Battler', 'Anime', 'Turn-Based Tactics', 'Simulation', 'Tactical', 'Singleplayer', 'eSports', 'Dragons', 'Fantasy', '3D', 'PvE', 'Great Soundtrack', '2D', 'Deckbuilding']",5.0,1180.0,6.0,85995.0,05-12-2025
90.0,Brawlhalla,11270,16782,291550,7157758,"['Action', 'Indie', 'Free To Play']","Oct 17, 2017",2764.0,"['Free to Play', 'Multiplayer', 'Fighting', '2D Fighter', '2D Platformer', 'Casual', 'Local Multiplayer', 'Co-op', 'Platformer', 'Controller', 'Action', 'Online Co-Op', 'Fantasy', 'Local Co-Op', '4 Player Local', 'Family Friendly', 'eSports', 'Cartoony', 'Singleplayer', 'Indie']",5.0,2122.0,8.0,385329.0,05-12-2025
91.0,Arma Reforger,11243,20725,1874880,7441607,"['Action', 'Simulation', 'Strategy']","Nov 16, 2023",543.0,"['Military', 'Simulation', 'Action', 'Shooter', 'Realistic', 'Strategy', 'FPS', 'First-Person', 'Sandbox', 'Real Time Tactics', 'War', 'Multiplayer', 'Tactical', 'Open World', 'Third Person', 'PvE', 'PvP', 'Cold War', '1980s', 'Singleplayer']",8.0,2013.0,6.0,26752.0,05-12-2025
92.0,Forza Horizon 5,10630,30178,1551360,9914372,"['Action', 'Adventure', 'Racing', 'Simulation', 'Sports']","Nov 8, 2021",1281.0,"['Racing', 'Open World', 'Driving', 'Multiplayer', 'Automobile Sim', 'Realistic', 'Simulation', 'Adventure', 'Arcade', 'Exploration', 'First-Person', 'Co-op', 'Online Co-Op', 'Sports', 'Atmospheric', 'PvP', 'Singleplayer', 'Beautiful', 'VR', 'Action']",8.0,4400.0,8.0,205173.0,05-12-2025
93.0,eFootball™,10598,20820,1665460,8001804,"['Simulation', 'Sports', 'Free To Play']","Sep 29, 2021",1321.0,"['Football (Soccer)', 'Free to Play', 'Controller', 'Multiplayer', 'Sports', 'eSports', 'Simulation', 'PvP', 'Local Multiplayer', 'Co-op', 'Singleplayer', 'Online Co-Op', 'Local Co-Op', 'Realistic', 'Comedy', 'Memes', 'Violent', 'Anime', 'LGBTQ+', 'Funny']",5.0,1696.0,5.0,91257.0,05-12-2025
94.0,NARAKA: BLADEPOINT,10500,170339,1203220,40940762,"['Action', 'Adventure', 'Massively Multiplayer']","Aug 11, 2021",1370.0,"['Battle Royale', 'Multiplayer', 'Martial Arts', 'Mature', 'PvP', 'Action', 'Female Protagonist', 'Character Customization', 'Massively Multiplayer', 'Fighting', 'Survival', 'Third Person', 'Swordplay', 'Hack and Slash', 'Anime', 'Parkour', 'Adventure', 'Free to Play', 'Violent', 'Gore']",5.0,2970.0,6.0,282381.0,05-12-2025
95.0,Mount & Blade II: Bannerlord,10184,32182,261550,12138689,"['Action', 'Indie', 'RPG', 'Simulation', 'Strategy']","Oct 25, 2022",930.0,"['Medieval', 'Strategy', 'Open World', 'RPG', 'War', 'Sandbox', 'Multiplayer', 'Singleplayer', 'Action', 'Character Customization', 'Simulation', 'Moddable', 'Adventure', 'Horses', 'Realistic', 'Third Person', 'Historical', 'First-Person', 'Great Soundtrack', 'Early Access']",8.0,1018.0,8.0,204422.0,05-12-2025
96.0,Diablo® IV,10032,37361,2344520,8901727,"['Action', 'RPG']","Oct 17, 2023",573.0,"['Action RPG', 'Hack and Slash', 'Loot', 'Isometric', 'RPG', 'Online Co-Op', 'Singleplayer', 'Co-op', 'Multiplayer', 'Dungeon Crawler', 'Third Person', 'Action', 'PvE', 'Fantasy', 'Dark Fantasy', 'Story Rich', 'Gore', 'Exploration', 'Violent', 'MMORPG']",5.0,1599.0,6.0,35686.0,05-12-2025
97.0,Cookie Clicker,9781,13976,1454400,7981438,"['Casual', 'Indie', 'Simulation', 'Strategy']","Sep 1, 2021",1349.0,"['Clicker', 'Idler', 'Casual', 'Indie', 'Pixel Graphics', 'Management', 'Horror', 'Economy', 'Collectathon', 'Funny', '2D', 'Memes', 'Resource Management', 'Strategy', 'Comedy', 'Building', 'Simulation', 'Colorful', 'Touch-Friendly', 'Singleplayer']",8.0,965.0,9.0,74593.0,05-12-2025
98.0,Kingdom Come: Deliverance II,9532,33513,1771300,11449966,"['Action', 'Adventure', 'RPG']","Feb 4, 2025",97.0,"['RPG', 'Medieval', 'Open World', 'Singleplayer', 'Realistic', 'First-Person', 'Story Rich', 'Adventure', 'Action', 'Combat', 'Historical', 'Swordplay', 'Political', 'Immersive', 'Choices Matter', 'Atmospheric', 'Alternate History', 'LGBTQ+', 'Action-Adventure', '3D']",8.0,4345.0,8.0,73537.0,05-12-2025
99.0,Limbus Company,9526,26032,1973530,10293245,"['Action', 'RPG', 'Strategy']","Feb 26, 2023",806.0,"['Lore-Rich', 'Story Rich', 'Turn-Based Tactics', 'Free to Play', 'Turn-Based Combat', 'RPG', 'Visual Novel', 'Singleplayer', 'Strategy', 'Strategy RPG', 'Anime', 'PvE', 'Turn-Based Strategy', 'Dark Fantasy', '2D', 'Action', 'Great Soundtrack', 'Sci-fi', 'Roguelite', 'Colorful']",8.0,2250.0,8.0,57210.0,05-12-2025
100.0,Squad,9375,30351,393380,9706374,"['Action', 'Indie', 'Massively Multiplayer', 'Strategy']","Sep 23, 2020",1692.0,"['Military', 'Realistic', 'FPS', 'Multiplayer', 'Tactical', 'Shooter', 'Team-Based', 'War', 'First-Person', 'Action', 'Massively Multiplayer', 'Strategy', 'Modern', 'Simulation', 'Wargame', 'Base Building', 'Open World', 'Immersive Sim', 'Atmospheric', 'PvP']",8.0,2455.0,8.0,155116.0,05-12-2025
101.0,Don't Starve Together,9190,66803,322330,19446399,"['Action', 'Adventure', 'Indie', 'RPG', 'Simulation', 'Strategy']","Apr 21, 2016",3308.0,"['Survival', 'Open World Survival Craft', 'Multiplayer', 'Co-op', 'Open World', 'Adventure', 'Crafting', 'Online Co-Op', 'Sandbox', 'Difficult', 'Indie', '2D', 'Atmospheric', 'Funny', 'Survival Horror', 'Strategy', 'Horror', 'Singleplayer', 'Action', 'Roguelike']",8.0,2867.0,9.0,340347.0,05-12-2025
102.0,OBS Studio,9034,26506,1905180,10479909,"['Utilities', 'Video Production']","Mar 21, 2022",1148.0,"['Software', 'Video Production', 'Utilities', 'Free to Play', 'Audio Production', 'Web Publishing', 'Emotional', 'Psychedelic', 'Capitalism', 'Dark', 'Romance', 'Perma Death', 'Dark Humor', 'Competitive', 'VR', 'eSports', 'Realistic', 'Dinosaurs', '2D', 'Platformer']",8.0,1252.0,9.0,36058.0,05-12-2025
103.0,Summoners War,9033,17929,2426960,8026916,"['RPG', 'Strategy', 'Free To Play']","Jan 7, 2024",491.0,"['Free to Play', 'RPG', 'Strategy', 'Turn-Based Strategy', 'Strategy RPG', 'RTS', 'Tactical RPG', 'Turn-Based Tactics', 'PvP', 'Real Time Tactics', 'PvE', 'Turn-Based Combat', 'Tutorial', 'Lore-Rich', 'Fantasy', 'Anime', 'Colorful', 'Multiplayer', 'Cinematic', 'Party-Based RPG']",6.0,257.0,6.0,8524.0,05-12-2025
104.0,Phasmophobia,8885,29191,739630,8924434,"['Action', 'Indie', 'Early Access']","Sep 18, 2020",1697.0,"['Horror', 'Online Co-Op', 'Multiplayer', 'Psychological Horror', 'Co-op', 'Supernatural', 'VR', 'First-Person', 'Investigation', 'Dark', 'Demons', 'Detective', 'Mystery', 'Thriller', '3D', 'Early Access', 'Indie', 'Action', 'Tactical', 'Singleplayer']",8.0,4349.0,9.0,624346.0,05-12-2025
105.0,MapleStory,8854,12756,216150,5742937,"['Action', 'Adventure', 'Casual', 'Massively Multiplayer', 'RPG', 'Free To Play']","Aug 9, 2012",4659.0,"['MMORPG', '2D Platformer', 'Character Customization', 'Loot', 'Free to Play', 'Side Scroller', 'PvE', 'Multiplayer', 'Multiple Endings', 'Co-op', 'Cute', 'Anime', 'Platformer', 'PvP', 'Third Person', 'Massively Multiplayer', 'Story Rich', 'RPG', '2D', 'Casual']",5.0,160.0,5.0,13788.0,05-12-2025
106.0,Dark and Darker,8313,20192,2016590,9063059,"['Action', 'RPG', 'Free To Play', 'Early Access']","Jun 7, 2024",339.0,"['Early Access', 'Dungeon Crawler', 'Multiplayer', 'Loot', 'Medieval', 'PvP', 'RPG', 'Extraction Shooter', 'Battle Royale', 'Online Co-Op', 'PvE', 'First-Person', 'Fantasy', 'Survival', 'Class-Based', 'Magic', 'Swordplay', 'Exploration', 'Dark', 'Team-Based']",5.0,2317.0,6.0,69328.0,05-12-2025
107.0,Wuthering Waves,8279,16460,3513350,2859438,"['Action', 'Adventure', 'RPG', 'Free To Play']","Apr 28, 2025",14.0,"['Open World', 'Action', 'Anime', 'Free to Play', 'Adventure', 'RPG', 'Story Rich', 'Combat', 'Exploration', 'Souls-like', '3D', 'Third Person', 'Singleplayer', 'Post-apocalyptic', 'Co-op', 'Multiplayer', 'Action Roguelike', 'Great Soundtrack', 'Hack and Slash', 'Cute']",8.0,9057.0,8.0,9057.0,05-12-2025
108.0,Assetto Corsa,8246,18218,244210,6862529,"['Indie', 'Racing', 'Simulation', 'Sports']","Dec 19, 2014",3797.0,"['Racing', 'Automobile Sim', 'Simulation', 'Driving', 'Multiplayer', 'VR', 'Realistic', 'Sports', 'Moddable', 'Open World', 'Controller', 'Singleplayer', 'Physics', 'First-Person', 'Replay Value', 'Indie', 'Action', '3D Vision', 'TrackIR', 'Artificial Intelligence']",8.0,1513.0,8.0,116403.0,05-12-2025
109.0,Cash Cleaner Simulator,8239,10747,2488370,667219,"['Casual', 'Indie', 'Simulation']","May 8, 2025",4.0,"['Life Sim', 'Management', 'Physics', 'Relaxing', 'Simulation', 'First-Person', 'Casual', 'Sandbox', 'Singleplayer', 'Immersive Sim', 'Resource Management', 'Colorful', 'Realistic', 'Crime', 'Modern', 'Atmospheric', 'Funny', 'Satire', 'Dark Humor', 'Comedy']",8.0,935.0,8.0,935.0,05-12-2025
110.0,Blue Prince,8211,19243,1569580,6431259,"['Adventure', 'Indie', 'Strategy']","Apr 10, 2025",32.0,"['Puzzle', 'Exploration', 'Mystery', 'Investigation', 'Singleplayer', 'Story Rich', 'Indie', 'Adventure', 'First-Person', 'Roguelite', 'Atmospheric', '3D', 'Simulation', 'Escape Room', 'Nonlinear', 'Level Editor', 'Strategy', 'Roguelike', 'Stylized', 'Replay Value']",8.0,5645.0,8.0,6026.0,05-12-2025
111.0,Bloons TD 6,8134,14485,960090,6626578,['Strategy'],"Dec 17, 2018",2338.0,"['Tower Defense', 'Strategy', 'Multiplayer', 'Singleplayer', 'Online Co-Op', 'Co-op', 'Family Friendly', 'Casual', '3D', 'Cartoony', 'Sandbox', '2D', 'Great Soundtrack', 'Difficult', 'Touch-Friendly', 'Cute', 'Funny', 'Addictive', 'Survival', 'Action']",9.0,2474.0,9.0,311669.0,05-12-2025
112.0,Albion Online,8129,14295,761890,6744809,"['Massively Multiplayer', 'RPG', 'Free To Play']","May 16, 2018",2553.0,"['Free to Play', 'MMORPG', 'Open World', 'Massively Multiplayer', 'Sandbox', 'RPG', 'Multiplayer', 'Crafting', 'Survival', 'PvP', 'Loot', 'PvE', 'Economy', 'Medieval', 'Co-op', 'Fantasy', 'Strategy', 'Action', 'Singleplayer', 'Difficult']",6.0,979.0,6.0,82492.0,05-12-2025
113.0,SCUM,7969,21920,513710,9732187,"['Action', 'Adventure', 'Indie', 'Massively Multiplayer', 'Early Access']","Aug 29, 2018",2448.0,"['Survival', 'Open World Survival Craft', 'Multiplayer', 'Open World', 'Zombies', 'Nudity', 'Massively Multiplayer', 'Action', 'Realistic', 'Adventure', 'Singleplayer', 'Crafting', 'Early Access', 'FPS', 'Violent', 'PvP', 'Gore', 'Third Person', 'Indie', 'RPG']",6.0,402.0,6.0,88083.0,05-12-2025
114.0,Conan Exiles,7870,15331,440900,5827586,"['Action', 'Adventure', 'Massively Multiplayer', 'RPG', 'Simulation', 'Strategy']","May 8, 2018",2561.0,"['Survival', 'Open World', 'Nudity', 'Building', 'Open World Survival Craft', 'Crafting', 'Multiplayer', 'Sandbox', 'RPG', 'Massively Multiplayer', 'Adventure', 'Action', 'Online Co-Op', 'Exploration', 'Singleplayer', 'Violent', 'Co-op', 'Fantasy', 'Gore', 'PvP']",6.0,525.0,6.0,72360.0,05-12-2025
115.0,VTube Studio,7751,20928,1325860,7390947,"['Indie', 'Animation & Modeling', 'Video Production']","Mar 12, 2021",1522.0,"['Indie', 'Mature', 'Anime', 'Animation & Modeling', 'Free to Play', 'NSFW', 'Software', 'Cute', 'Video Production', 'Character Customization', '2D', 'Utilities', 'Funny', 'Singleplayer', '3D', 'Multiplayer', 'Survival Horror']",8.0,115.0,8.0,5640.0,05-12-2025
116.0,Magic: The Gathering Arena,7642,10023,2141910,4769976,"['Strategy', 'Free To Play']","May 23, 2023",720.0,"['Strategy', 'Card Game', 'Trading Card Game', 'Free to Play', 'Deckbuilding', 'PvP', 'Multiplayer', 'Turn-Based Strategy', 'eSports', 'Fantasy', 'Magic', 'Tactical', 'Gambling']",5.0,722.0,5.0,18654.0,05-12-2025
117.0,Blender,7625,13797,365670,6807980,"['Animation & Modeling', 'Design & Illustration', 'Video Production']","Apr 24, 2015",3671.0,"['Animation & Modeling', 'Software', 'Design & Illustration', 'Free to Play', 'Game Development', 'Video Production', '3D', 'Difficult', 'GameMaker', 'Utilities', 'Physics', 'Singleplayer', '3D Vision', '2D', 'Sandbox', 'Moddable', 'Building', 'Hentai', 'Survival Horror', 'Story Rich']",8.0,1507.0,9.0,71909.0,05-12-2025
118.0,Half Sword Demo,7500,15244,2642680,5782910,"['Action', 'Adventure', 'Indie', 'Simulation']","Oct 13, 2023",577.0,[None],,,,,05-12-2025
119.0,Slay the Spire,7466,23372,646570,9591964,"['Indie', 'Strategy']","Jan 23, 2019",2301.0,"['Roguelike Deckbuilder', 'Card Game', 'Card Battler', 'Roguelike', 'Deckbuilding', 'Turn-Based', 'Strategy', 'Singleplayer', 'Roguelite', 'Replay Value', 'Indie', 'Difficult', 'Dungeon Crawler', 'RPG', 'Mouse only', '2D', 'Great Soundtrack', 'Procedural Generation', 'Fantasy', 'Casual']",9.0,1856.0,9.0,156643.0,05-12-2025
120.0,Street Fighter™ 6,7373,34199,1364780,11177701,"['Action', 'Adventure']","Jun 1, 2023",711.0,"['2D Fighter', 'Fighting', 'Character Customization', 'Arcade', 'Action', 'Multiplayer', 'Competitive', 'PvP', 'Adventure', 'eSports', 'Open World', 'Singleplayer', 'Local Multiplayer', 'Controller', '3D', 'Martial Arts', 'Action RPG', 'Great Soundtrack', 'Sandbox', 'Anime']",6.0,625.0,8.0,35020.0,05-12-2025
121.0,Timberborn,7249,13017,1062090,2699054,"['Indie', 'Simulation', 'Strategy', 'Early Access']","Sep 15, 2021",1335.0,"['City Builder', 'Voxel', 'Colony Sim', 'Nature', 'Sandbox', 'Building', 'Automation', 'Management', 'Survival', 'Base Building', 'Science', 'Physics', 'Farming Sim', 'Strategy', '3D', 'Post-apocalyptic', 'Simulation', 'Early Access', 'Stylized', 'Level Editor']",9.0,565.0,9.0,28904.0,05-12-2025
122.0,Fallout 76,7226,14129,1151340,5272500,['RPG'],"Apr 14, 2020",1854.0,"['Open World', 'Multiplayer', 'Post-apocalyptic', 'Dark Comedy', 'RPG', 'Capitalism', 'Survival', 'Base Building', 'Co-op', 'Shooter', 'Horror', 'MMORPG', 'Exploration', 'FPS', 'Singleplayer', 'Gore', 'Violent', 'Atmospheric', 'Great Soundtrack', 'Early Access']",5.0,461.0,6.0,66002.0,05-12-2025
123.0,Arma 3,7222,18846,107410,6283544,"['Action', 'Simulation', 'Strategy']","Sep 12, 2013",4260.0,"['Military', 'Action', 'Multiplayer', 'Shooter', 'Simulation', 'Realistic', 'First-Person', 'Open World', 'Tactical', 'FPS', 'War', 'Co-op', 'Strategy', 'Sandbox', 'Singleplayer', 'Moddable', 'Combat', 'Online Co-Op', 'Team-Based', 'Third-Person Shooter']",8.0,1262.0,8.0,215358.0,05-12-2025
124.0,Sid Meier's Civilization VII,7136,16196,1295660,6831902,"['Simulation', 'Strategy']","Feb 10, 2025",91.0,"['Strategy', 'Turn-Based Strategy', '4X', 'Grand Strategy', 'Historical', 'Simulation', 'Hex Grid', 'Multiplayer', 'Tactical', 'Singleplayer', 'City Builder', 'Political Sim', 'Diplomacy', 'Turn-Based Tactics', 'Alternate History', 'Economy', 'War', 'PvP', 'Replay Value', 'Stylized']",5.0,1265.0,5.0,31164.0,05-12-2025
125.0,Hunt: Showdown 1896,7002,27451,594650,9089904,['Action'],"Aug 27, 2019",2085.0,"['Open World', 'Extraction Shooter', 'Multiplayer', 'Atmospheric', 'Tactical', 'FPS', 'Perma Death', 'Western', 'Shooter', 'PvP', 'Horror', 'Online Co-Op', 'Survival Horror', 'Co-op', 'Difficult', 'Battle Royale', 'Team-Based', 'Action', 'Gore', 'Zombies']",5.0,1272.0,6.0,192092.0,05-12-2025
126.0,American Truck Simulator,6914,13678,270880,5075203,"['Indie', 'Simulation']","Feb 2, 2016",3387.0,"['Automobile Sim', 'Driving', 'Open World', 'Transportation', 'Simulation', 'America', 'Realistic', 'Moddable', 'Relaxing', 'Exploration', 'Economy', 'Management', 'Atmospheric', 'Immersive Sim', 'Multiplayer', 'Singleplayer', 'Adventure', 'Casual', 'Family Friendly', 'Level Editor']",9.0,1430.0,9.0,143587.0,05-12-2025
127.0,The Last of Us™ Part II Remastered,6804,18345,2531310,6180163,"['Action', 'Adventure']","Apr 3, 2025",39.0,"['Story Rich', 'Post-apocalyptic', 'Third-Person Shooter', 'LGBTQ+', 'Action-Adventure', 'Third Person', 'Horror', 'Action', 'Stealth', 'Realistic', 'Emotional', 'Drama', 'Atmospheric', 'Singleplayer', 'Thriller', 'Survival', 'Adventure', 'Survival Horror', 'Sequel', 'Dark']",8.0,6955.0,8.0,13209.0,05-12-2025
128.0,FragPunk,6760,13779,2943650,5483012,"['Action', 'Free To Play']","Mar 6, 2025",67.0,"['FPS', 'Free to Play', 'Hero Shooter', 'Action', 'Team-Based', 'Multiplayer', 'Shooter', 'Sci-fi', 'PvP', 'Stylized', 'Futuristic', '3D', 'First-Person', 'Adventure', 'Combat', 'Cyberpunk', 'Sexual Content', 'Co-op', 'Online Co-Op', 'Hentai']",6.0,3939.0,6.0,37392.0,05-12-2025
129.0,Drive Beyond Horizons,6745,14797,2625420,4022473,"['Action', 'Adventure', 'Casual', 'Indie', 'Racing', 'Simulation', 'Early Access']","Mar 24, 2025",49.0,"['Early Access', 'Adventure', 'Action', 'Simulation', 'Automobile Sim', 'Casual', 'Multiplayer', 'Exploration', 'Driving', 'Shooter', 'FPS', 'First-Person', 'Co-op', 'Realistic', 'Post-apocalyptic', 'Racing', 'Survival', 'Open World', 'Horror', 'Online Co-Op']",6.0,3087.0,8.0,4037.0,05-12-2025
130.0,Battlefield™ 1,6702,21655,1238840,6250400,"['Action', 'Massively Multiplayer']","Jun 11, 2020",1796.0,"['FPS', 'Multiplayer', 'Singleplayer', 'World War I', 'War', 'Shooter', 'Action', 'First-Person', 'Historical', 'Atmospheric', 'PvP', 'Massively Multiplayer', 'Gore', 'Tanks', 'Destruction', 'Open World', 'Violent', 'Physics', 'Mature', 'Great Soundtrack']",8.0,3267.0,8.0,166164.0,05-12-2025
131.0,MIR4,6611,15392,1623660,10207640,"['Action', 'Adventure', 'Massively Multiplayer', 'RPG', 'Free To Play']","Aug 25, 2021",1356.0,"['PvE', 'MMORPG', 'PvP', 'RPG', 'Martial Arts', 'Demons', 'Open World', 'Action RPG', 'Action', 'Fantasy', 'Hunting', '3D', 'Trading', 'Third Person', 'Massively Multiplayer', 'War', 'Economy', 'Lore-Rich', 'Magic', 'Foreign']",5.0,57.0,5.0,14526.0,05-12-2025
132.0,Deep Rock Galactic,6451,18778,548430,5828320,['Action'],"May 13, 2020",1825.0,"['Dwarf', 'Co-op', 'PvE', 'FPS', 'Procedural Generation', 'Class-Based', 'Shooter', 'Exploration', 'First-Person', 'Loot', 'Sci-fi', 'Space', 'Action', 'Atmospheric', 'Looter Shooter', 'Combat', 'Survival', 'Horror', 'Dark', 'Action Roguelike']",9.0,2348.0,9.0,272444.0,05-12-2025
133.0,Age of Empires IV: Anniversary Edition,6424,24697,1466860,8185661,['Strategy'],"Oct 28, 2021",1292.0,"['Strategy', 'RTS', 'Base Building', 'Multiplayer', 'War', 'Singleplayer', 'Resource Management', 'Medieval', 'City Builder', 'Historical', 'Action RTS', 'PvP', 'PvE', 'Co-op', '3D', 'Management', 'Isometric', 'Open World', 'Online Co-Op', 'Mature']",8.0,1068.0,8.0,60368.0,05-12-2025
134.0,Counter-Strike,6372,16396,10,6624632,['Action'],"Nov 1, 2000",8958.0,"['Action', 'FPS', 'Multiplayer', 'Shooter', 'Classic', 'Team-Based', 'First-Person', 'Competitive', 'Tactical', ""1990's"", 'eSports', 'PvP', 'Old School', 'Military', 'Strategy', 'Survival', 'Score Attack', '1980s', 'Assassin', 'Nostalgia']",9.0,821.0,9.0,159837.0,05-12-2025
135.0,Monster Hunter: World,6371,34352,582010,11036029,['Action'],"Aug 8, 2018",2469.0,"['Co-op', 'Multiplayer', 'Action', 'Open World', 'RPG', 'Character Customization', 'Third Person', 'Adventure', 'Fantasy', 'Action RPG', 'Difficult', 'Singleplayer', 'Exploration', 'Great Soundtrack', 'Replay Value', 'Atmospheric', 'Hack and Slash', 'JRPG', 'MMORPG', 'Souls-like']",8.0,1933.0,8.0,296326.0,05-12-2025
136.0,Cities: Skylines,6344,18189,255710,6960444,"['Simulation', 'Strategy']","Mar 10, 2015",3716.0,"['City Builder', 'Simulation', 'Building', 'Management', 'Strategy', 'Sandbox', 'Singleplayer', 'Moddable', 'Economy', 'Resource Management', 'Mod', 'Realistic', 'Replay Value', 'Casual', 'Modern', 'Real-Time with Pause', 'Family Friendly', 'Great Soundtrack', 'Funny', 'Action']",8.0,1225.0,8.0,205921.0,05-12-2025
137.0,Hollow Knight,6259,13686,367520,5738623,"['Action', 'Adventure', 'Indie']","Feb 24, 2017",2999.0,"['Metroidvania', 'Souls-like', 'Platformer', 'Great Soundtrack', '2D', 'Difficult', 'Indie', 'Singleplayer', 'Atmospheric', 'Exploration', 'Adventure', 'Story Rich', 'Hand-drawn', 'Multiple Endings', 'Action', 'Dark Fantasy', 'Open World', 'Cute', 'Controller', 'Side Scroller']",9.0,5498.0,9.0,367707.0,05-12-2025
138.0,"Warhammer 40,000: Space Marine 2",6217,19141,2183900,6685667,"['Action', 'Adventure', 'RPG']","Sep 9, 2024",245.0,"['Warhammer 40K', 'Action', 'Third-Person Shooter', 'Multiplayer', 'Co-op', 'PvE', 'Adventure', 'Action-Adventure', 'Third Person', 'Sci-fi', 'Wargame', '3D', 'War', 'Fantasy', 'Space', 'Singleplayer', 'Narration', 'Realistic', 'Cinematic', 'Futuristic']",6.0,2740.0,8.0,117187.0,05-12-2025
139.0,The Witcher 3: Wild Hunt,6074,22065,292030,7520692,['RPG'],"May 18, 2015",3647.0,"['Open World', 'RPG', 'Story Rich', 'Atmospheric', 'Mature', 'Fantasy', 'Adventure', 'Singleplayer', 'Nudity', 'Choices Matter', 'Great Soundtrack', 'Third Person', 'Medieval', 'Action', 'Multiple Endings', 'Action RPG', 'Dark Fantasy', 'Magic', 'Dark', 'Sandbox']",9.0,3087.0,9.0,757965.0,05-12-2025
140.0,DARK SOULS™ III,6049,13268,374320,4201655,['Action'],"Apr 11, 2016",3318.0,"['Souls-like', 'Dark Fantasy', 'Difficult', 'RPG', 'Atmospheric', 'Lore-Rich', 'Third Person', 'Exploration', 'Story Rich', 'Action RPG', 'Co-op', 'Great Soundtrack', 'Adventure', 'Action', 'Multiplayer', 'PvP', 'Open World', 'Singleplayer', 'Character Customization', 'Replay Value']",8.0,1884.0,8.0,261071.0,05-12-2025
141.0,Enshrouded,6035,18001,1203620,5990000,"['Action', 'Adventure', 'RPG', 'Early Access']","Jan 24, 2024",474.0,"['Open World', 'Survival', 'Base Building', 'Multiplayer', 'Online Co-Op', 'Crafting', 'RPG', 'Adventure', 'Action RPG', 'Building', 'Exploration', 'Singleplayer', 'Fantasy', 'Sandbox', 'Character Customization', 'Early Access', 'PvE', 'Action', '3D', 'Indie']",8.0,1343.0,8.0,67763.0,05-12-2025
142.0,The Isle,6004,10297,376210,4795642,"['Action', 'Adventure', 'Indie', 'Massively Multiplayer', 'Simulation', 'Early Access']","Dec 1, 2015",3450.0,"['Dinosaurs', 'Survival', 'Open World', 'Multiplayer', 'Simulation', 'Hunting', 'Realistic', 'Massively Multiplayer', 'Adventure', 'Early Access', 'Action', 'Third Person', 'Horror', 'Co-op', 'Sandbox', 'Walking Simulator', 'Team-Based', 'RPG', 'Strategy', 'Indie']",8.0,1302.0,8.0,86639.0,05-12-2025
143.0,Sea of Thieves,5952,14762,1172620,4777637,"['Action', 'Adventure']","Jun 3, 2020",1804.0,"['Multiplayer', 'Open World', 'Adventure', 'Pirates', 'Co-op', 'Online Co-Op', 'PvP', 'Action', 'Sailing', 'First-Person', 'Exploration', 'Naval', 'PvE', 'Funny', 'Massively Multiplayer', 'FPS', 'Atmospheric', 'Swordplay', 'Great Soundtrack', 'Singleplayer']",8.0,1838.0,8.0,305777.0,05-12-2025
144.0,YoloMouse,5860,11802,1283970,5758253,"['Animation & Modeling', 'Design & Illustration', 'Education', 'Software Training', 'Utilities']","May 1, 2020",1837.0,"['Utilities', 'Design & Illustration', 'Animation & Modeling', 'Software Training', 'Education', 'Software', 'Funny', 'NSFW', 'Gaming', 'Sandbox', 'First-Person', 'Horror', 'Indie', 'Early Access', 'Photo Editing', 'Action', 'Game Development', 'Memes', 'Singleplayer', 'Mature']",8.0,54.0,8.0,2251.0,05-12-2025
145.0,STAR WARS™: The Old Republic™,5562,7887,1286830,2904555,"['Massively Multiplayer', 'RPG', 'Free To Play']","Jul 21, 2020",1756.0,"['Free to Play', 'Character Customization', 'MMORPG', 'Multiplayer', 'Open World', 'RPG', 'Story Rich', 'Choices Matter', 'Massively Multiplayer', 'Sci-fi', 'Adventure', 'Space', 'Action', 'Third Person', 'PvP', 'Atmospheric', 'Action RPG', 'Party-Based RPG', 'Great Soundtrack', 'Controller']",8.0,704.0,8.0,67186.0,05-12-2025
146.0,Farming Simulator 22,5491,16131,1248130,5403252,['Simulation'],"Nov 21, 2021",1268.0,"['Simulation', 'Farming Sim', 'Co-op', 'Multiplayer', 'Agriculture', 'Moddable', 'Management', 'Sandbox', '3D', 'First-Person', 'Economy', 'Open World', 'Online Co-Op', 'Family Friendly', 'Immersive Sim', 'Character Customization', 'Nature', 'Horses', 'Third Person', 'America']",8.0,568.0,8.0,62585.0,05-12-2025
147.0,New World: Aeternum,5443,8034,1063730,3954527,"['Action', 'Adventure', 'Massively Multiplayer', 'RPG']","Sep 28, 2021",1322.0,"['Open World', 'Massively Multiplayer', 'MMORPG', 'RPG', 'Adventure', 'Action', 'PvP', 'PvE', 'Multiplayer', 'Fantasy', 'Character Customization', 'Walking Simulator', 'Crafting', 'Third Person', 'Co-op', 'Open World Survival Craft', 'Sandbox', 'Violent', 'Sexual Content', 'Singleplayer']",5.0,365.0,5.0,245243.0,05-12-2025
148.0,Counter-Strike: Source,5439,12830,240,5243951,['Action'],"Nov 1, 2004",7497.0,"['Shooter', 'FPS', 'Action', 'Multiplayer', 'Team-Based', 'First-Person', 'Competitive', 'Tactical', 'PvP', 'eSports', 'Military', 'War', 'Strategy', 'Moddable', 'Singleplayer', 'Difficult', 'Atmospheric', 'Survival', 'Simulation', 'Sandbox']",9.0,785.0,9.0,125907.0,05-12-2025
149.0,DSX,5426,7263,1812620,3577273,['Utilities'],"Jun 24, 2022",1053.0,"['Simulation', 'Indie', 'Controller', 'Utilities', 'Software', 'Gaming']",6.0,159.0,5.0,5050.0,05-12-2025
150.0,Battlefield™ 2042,5377,12499,1517290,3992087,"['Action', 'Adventure', 'Casual']","Nov 19, 2021",1270.0,"['FPS', 'Multiplayer', 'Shooter', 'Military', 'War', 'Singleplayer', 'Action', 'First-Person', 'Combat', 'Team-Based', 'PvP', 'Futuristic', 'Vehicular Combat', 'Modern', 'Destruction', 'Physics', 'Cinematic', 'Adventure', 'Hero Shooter', 'Casual']",5.0,1778.0,5.0,232949.0,05-12-2025
151.0,Hogwarts Legacy,5259,15386,990080,5138501,"['Action', 'Adventure', 'RPG']","Feb 10, 2023",822.0,"['Magic', 'Open World', 'Fantasy', 'Singleplayer', 'Adventure', 'RPG', 'Character Customization', 'Exploration', 'Story Rich', 'Third Person', 'Action-Adventure', 'Atmospheric', 'Action RPG', 'Action', 'Combat', 'Choices Matter', 'Puzzle', 'Great Soundtrack', 'Dark', 'Family Friendly']",8.0,2163.0,8.0,230650.0,05-12-2025
152.0,Tabletop Simulator,5153,9958,286160,3787299,"['Casual', 'Indie', 'RPG', 'Simulation', 'Strategy']","Jun 5, 2015",3629.0,"['Tabletop', 'Board Game', 'Simulation', 'Multiplayer', 'Sandbox', 'Card Game', 'VR', 'Trading Card Game', 'Physics', 'Moddable', '3D', 'Casual', 'Online Co-Op', 'Strategy', 'Wargame', 'Co-op', 'RPG', 'Funny', 'First-Person', 'Indie']",8.0,267.0,9.0,42124.0,05-12-2025
153.0,Cities: Skylines II,5069,12617,949230,5026843,['Simulation'],"Oct 24, 2023",566.0,"['City Builder', 'Simulation', 'Building', 'Sandbox', 'Singleplayer', 'Management', 'Economy', 'Strategy', 'Realistic', 'Moddable', 'Relaxing', 'Resource Management', 'Transportation', 'Casual', 'Atmospheric', 'Multiplayer', 'Early Access', 'Open World', 'Great Soundtrack', 'Mod']",5.0,785.0,5.0,50633.0,05-12-2025
154.0,Aseprite,4974,5678,431730,3436616,"['Animation & Modeling', 'Design & Illustration', 'Game Development']","Feb 22, 2016",3367.0,"['Pixel Graphics', 'Design & Illustration', 'Animation & Modeling', 'Software', 'Game Development', '2D', 'Utilities', 'Indie', 'Cute', 'Retro', 'Singleplayer', 'Souls-like']",9.0,253.0,9.0,17033.0,05-12-2025
155.0,No Man's Sky,4959,17136,275850,5416873,"['Action', 'Adventure']","Aug 12, 2016",3195.0,"['Open World', 'Open World Survival Craft', 'Space', 'Exploration', 'Sci-fi', 'Survival', 'Procedural Generation', 'Adventure', 'First-Person', 'Multiplayer', 'Sandbox', 'Singleplayer', 'Atmospheric', 'Crafting', 'Space Sim', 'Indie', 'Action', 'Simulation', 'FPS', 'VR']",8.0,1091.0,8.0,265336.0,05-12-2025
156.0,Elite Dangerous,4865,10111,359320,4053535,"['Action', 'Adventure', 'Massively Multiplayer', 'RPG', 'Simulation', 'Strategy']","Apr 2, 2015",3693.0,"['Space Sim', 'Space', 'Open World', 'Exploration', 'Sci-fi', 'Simulation', 'Massively Multiplayer', 'Multiplayer', 'VR', 'First-Person', 'Action', 'Adventure', 'Sandbox', 'Online Co-Op', 'Singleplayer', 'Trading', 'RPG', 'Difficult', 'Strategy', 'TrackIR']",6.0,488.0,6.0,76002.0,05-12-2025
157.0,Space Engineers,4841,8883,244850,2948073,"['Action', 'Indie', 'Simulation', 'Strategy']","Feb 28, 2019",2265.0,"['Space', 'Sandbox', 'Building', 'Open World Survival Craft', 'Multiplayer', 'Survival', 'Simulation', 'Open World', 'Physics', 'Crafting', 'Destruction', 'Co-op', 'Futuristic', 'Sci-fi', 'Indie', 'Singleplayer', 'Action', 'Strategy', 'Adventure', 'Early Access']",8.0,358.0,8.0,96493.0,05-12-2025
158.0,Wildgate Community Preview,4822,5046,3504830,79093,[],"Mar 10, 2025",63.0,[None],,,,,05-12-2025
159.0,Sons Of The Forest,4800,34798,1326470,6680125,"['Action', 'Adventure', 'Indie', 'Simulation']","Feb 22, 2024",445.0,"['Survival', 'Open World', 'Multiplayer', 'Co-op', 'Survival Horror', 'Base Building', 'Horror', 'Crafting', 'First-Person', 'Building', 'Exploration', 'Adventure', 'Singleplayer', 'Atmospheric', 'Sandbox', 'Action-Adventure', 'Action', 'Simulation', 'Immersive Sim', 'Early Access']",8.0,3530.0,8.0,223904.0,05-12-2025
160.0,SMITE 2,4774,7387,2437170,2880108,"['Action', 'Adventure', 'Casual', 'Massively Multiplayer', 'RPG', 'Strategy', 'Free To Play', 'Early Access']","Aug 27, 2024",258.0,"['Early Access', 'Action', 'MOBA', 'Third Person', 'Strategy', 'Adventure', 'Mythology', 'Casual', 'Competitive', 'RPG', 'Multiplayer', 'Massively Multiplayer', 'Team-Based', 'PvP', 'Combat', 'Co-op', 'Online Co-Op', 'God Game', 'MMORPG', 'Action-Adventure']",5.0,919.0,5.0,13796.0,05-12-2025
161.0,GrandChase,4721,7506,985810,2806715,"['Action', 'Casual', 'Free To Play']","Jul 27, 2021",1385.0,"['Action', 'Free to Play', 'PvE', 'PvP', 'Action RPG', 'Online Co-Op', 'Casual', 'Hack and Slash', 'Character Customization', '2D Fighter', 'Multiplayer', 'Story Rich', 'Anime', 'Controller', ""Beat 'em up"", '2.5D', 'Fantasy', 'Cute', 'Massively Multiplayer', '3D Fighter']",8.0,207.0,5.0,24168.0,05-12-2025
162.0,Path of Exile,4708,10621,238960,3786266,"['Action', 'Adventure', 'Indie', 'Massively Multiplayer', 'RPG', 'Free To Play']","Oct 23, 2013",4219.0,"['Free to Play', 'Dark Fantasy', 'Action RPG', 'Hack and Slash', 'Loot', 'MMORPG', 'Multiplayer', 'Dungeon Crawler', 'Isometric', 'Character Customization', 'RPG', 'Online Co-Op', 'Inventory Management', 'Singleplayer', 'Action', 'PvP', 'Horror', 'Massively Multiplayer', 'Fantasy', 'Adventure']",6.0,760.0,8.0,234765.0,05-12-2025
163.0,DARK SOULS™: REMASTERED,4691,7880,570940,2559242,['Action'],"May 23, 2018",2546.0,"['Souls-like', 'Dark Fantasy', 'RPG', 'Difficult', 'Action', 'Dark', 'Fantasy', 'Atmospheric', 'Great Soundtrack', 'Action RPG', 'Lore-Rich', 'Adventure', 'Multiplayer', 'Exploration', 'Story Rich', 'Third Person', 'Replay Value', 'Character Customization', 'Soundtrack', 'Co-op']",8.0,1654.0,8.0,82257.0,05-12-2025
164.0,Melvor Idle,4626,7725,1267910,3930128,"['Adventure', 'Casual', 'Indie', 'RPG']","Nov 18, 2021",1271.0,"['Idler', 'RPG', 'Casual', 'Indie', 'Singleplayer', 'Adventure', '2D', 'Mining', 'Automation', 'Minimalist', 'Fantasy', 'Crafting', 'Cartoon', 'Magic', 'Colorful', 'Point & Click', 'Demons', 'Combat', 'Fishing', 'Early Access']",8.0,195.0,8.0,13256.0,05-12-2025
165.0,Disney Dreamlight Valley,4623,9565,1401590,2807332,"['Action', 'Adventure', 'Casual', 'RPG', 'Simulation']","Dec 5, 2023",524.0,"['Relaxing', 'Life Sim', 'Character Customization', 'Exploration', 'Adventure', 'Simulation', 'Fantasy', 'Sandbox', 'Singleplayer', 'Casual', 'Story Rich', 'Cooking', 'Farming Sim', 'Family Friendly', 'Immersive Sim', 'Fishing', 'Crafting', 'Magic', '3D', 'Choose Your Own Adventure']",8.0,287.0,8.0,18446.0,05-12-2025
166.0,Victoria 3,4600,9695,529340,3972576,"['Simulation', 'Strategy']","Oct 25, 2022",930.0,"['Grand Strategy', 'Economy', 'Historical', 'Political Sim', 'Strategy', 'Capitalism', 'Politics', 'Diplomacy', 'Management', 'Simulation', 'Alternate History', 'Moddable', 'Political', 'Resource Management', 'Real-Time with Pause', 'Sandbox', 'Replay Value', 'Multiplayer', 'Singleplayer', 'Military']",6.0,375.0,5.0,33608.0,05-12-2025
167.0,Borderlands 3,4505,9194,397540,3197775,"['Action', 'RPG']","Mar 13, 2020",1886.0,"['RPG', 'Looter Shooter', 'Multiplayer', 'FPS', 'Online Co-Op', 'Action', 'Loot', 'Open World', 'Co-op', 'Shooter', 'Singleplayer', 'Co-op Campaign', 'Gore', 'First-Person', 'Violent', 'Adventure', 'Nudity', 'Comedy', 'Great Soundtrack', 'Epic']",5.0,1078.0,8.0,114798.0,05-12-2025
168.0,The First Descendant,4495,14802,2074920,4490425,"['Action', 'Adventure', 'RPG', 'Free To Play']","Jun 30, 2024",316.0,"['Free to Play', 'Sexual Content', 'Looter Shooter', 'Multiplayer', 'Third-Person Shooter', 'RPG', 'Online Co-Op', 'Action', 'Shooter', 'Third Person', 'Action RPG', 'Singleplayer', 'Character Customization', 'Adventure', 'Co-op', 'PvE', 'Sci-fi', 'Combat', 'Story Rich', 'Violent']",5.0,1102.0,5.0,102736.0,05-12-2025
169.0,STAR WARS Jedi: Survivor™,4483,7568,1774580,1500722,"['Action', 'Adventure']","Apr 27, 2023",746.0,"['Action', 'Adventure', 'Souls-like', 'Singleplayer', 'Third Person', 'Open World', 'Sci-fi', 'Action-Adventure', 'Story Rich', 'Space', 'Swordplay', 'Exploration', 'Parkour', 'Combat', 'Character Customization', 'RPG', 'Atmospheric', 'Great Soundtrack', 'Difficult', 'Multiplayer']",5.0,1370.0,5.0,60388.0,05-12-2025
170.0,Ready or Not,4405,14694,1144200,4918428,"['Action', 'Adventure', 'Indie']","Dec 13, 2023",516.0,"['Tactical', 'Realistic', 'FPS', 'Shooter', 'Multiplayer', 'Co-op', 'Singleplayer', 'Horror', 'First-Person', 'Action', 'Violent', 'Combat', 'Gun Customization', 'Crime', 'Gore', 'Modern', 'Psychological Horror', 'Atmospheric', 'America', 'Co-op Campaign']",8.0,3508.0,8.0,183290.0,05-12-2025
171.0,Unnamed Space Idle,4403,5654,2471100,3253080,"['Casual', 'Simulation', 'Free To Play', 'Early Access']","Jul 27, 2023",655.0,"['Idler', 'Casual', 'Free to Play', 'Simulation', 'Space', 'Clicker', 'Resource Management', '2D', 'Singleplayer', 'Sci-fi', 'Artificial Intelligence', 'Early Access', 'Aliens', 'Tutorial', 'Automation', 'Futuristic', 'Auto Battler', 'Spaceships']",8.0,128.0,8.0,2808.0,05-12-2025
172.0,Oxygen Not Included,4387,13276,457140,5386337,"['Indie', 'Simulation']","Jul 30, 2019",2113.0,"['Colony Sim', 'Base Building', 'Survival', 'Resource Management', 'Building', 'Singleplayer', 'Management', '2D', 'Simulation', 'Sandbox', 'Strategy', 'Space', 'Indie', 'Sci-fi', 'Difficult', 'Exploration', 'Open World', 'Multiplayer', 'Adventure', 'Space Sim']",8.0,721.0,9.0,119867.0,05-12-2025
173.0,Fallout: New Vegas,4342,7064,22380,2833100,"['Action', 'RPG']","Oct 19, 2010",5319.0,"['Open World', 'RPG', 'Post-apocalyptic', 'Singleplayer', 'Moddable', 'Story Rich', 'Exploration', 'First-Person', 'Action', 'Adventure', 'FPS', 'Sci-fi', 'Western', 'Atmospheric', 'Action RPG', 'Character Customization', 'Survival', 'Sandbox', 'Shooter', 'Third Person']",8.0,1405.0,9.0,182092.0,05-12-2025
174.0,Raft,4280,13196,648800,4688322,"['Adventure', 'Indie', 'Simulation']","Jun 20, 2022",1057.0,"['Survival', 'Multiplayer', 'Open World Survival Craft', 'Co-op', 'Crafting', 'Open World', 'Building', 'Base Building', 'Online Co-Op', 'Adventure', 'Sandbox', 'First-Person', 'Singleplayer', 'Underwater', 'Simulation', 'Early Access', 'Action', 'Indie', 'Strategy', 'Massively Multiplayer']",8.0,2164.0,8.0,293963.0,05-12-2025
175.0,Supermarket Together,4260,11272,2709570,4139643,"['Casual', 'Indie', 'Simulation', 'Free To Play']","Aug 9, 2024",276.0,"['Simulation', 'Online Co-Op', 'Multiplayer', 'Free to Play', 'Management', 'Economy', 'Singleplayer', 'Immersive Sim', 'First-Person', 'Trading', 'Life Sim', 'Building', 'Capitalism', 'Sandbox', '3D', 'Resource Management', 'Realistic', 'Casual', 'Inventory Management', 'Indie']",8.0,2621.0,8.0,65620.0,05-12-2025
